,precision,recall,f1-score,support
Pepper__bell Bacterial_spot,0.5067873303167421,0.7466666666666667,0.6037735849056604,150.0
Pepper__bell healthy,0.8181818181818182,0.527027027027027,0.6410958904109589,222.0
Potato Early_blight,0.7010869565217391,0.86,0.7724550898203593,150.0
Potato Late_blight,0.7414965986394558,0.7266666666666667,0.734006734006734,150.0
Potato healthy,0.0,0.0,0.0,23.0
accuracy,0.6719424460431654,0.6719424460431654,0.6719424460431654,0.6719424460431654
macro avg,0.5535105407319512,0.572072072072072,0.5502662598287424,695.0
weighted avg,0.68207481504756,0.6719424460431654,0.6602281999728719,695.0
