,precision,recall,f1-score,support
Pepper__bell Bacterial_spot,0.5789473684210527,0.66,0.616822429906542,150.0
Pepper__bell healthy,0.9090909090909091,0.2702702702702703,0.4166666666666667,222.0
Potato Early_blight,0.5340909090909091,0.94,0.681159420289855,150.0
Potato Late_blight,0.5803108808290155,0.7466666666666667,0.6530612244897959,150.0
Potato healthy,0.0,0.0,0.0,23.0
accuracy,0.5928057553956835,0.5928057553956835,0.5928057553956835,0.5928057553956835
macro avg,0.5204880134863773,0.5233873873873873,0.47354194827057194,695.0
weighted avg,0.6558569144882423,0.5928057553956835,0.5541819585653653,695.0
