,precision,recall,f1-score,support
Pepper__bell Bacterial_spot,0.0,0.0,0.0,150.0
Pepper__bell healthy,0.3194244604316547,1.0,0.4841875681570338,222.0
Potato Early_blight,0.0,0.0,0.0,150.0
Potato Late_blight,0.0,0.0,0.0,150.0
Potato healthy,0.0,0.0,0.0,23.0
accuracy,0.3194244604316547,0.3194244604316547,0.3194244604316547,0.3194244604316547
macro avg,0.06388489208633094,0.2,0.09683751363140676,695.0
weighted avg,0.10203198592205372,0.3194244604316547,0.15466135270627554,695.0
