{
    "accuracy": [
        0.2505406141281128
    ],
    "loss": [
        1.8560694456100464
    ],
    "top_3_accuracy": [
        0.6963237524032593
    ],
    "val_accuracy": [
        0.31942445039749146
    ],
    "val_loss": [
        1.5186166763305664
    ],
    "val_top_3_accuracy": [
        0.7510791420936584
    ],
    "learning_rate": [
        0.0010000000474974513
    ]
}