{
    "loss": [
        1.1859272718429565,
        1.0540063381195068
    ],
    "accuracy": [
        0.5359901189804077,
        0.5915971398353577
    ],
    "top_3_accuracy": [
        0.8943465948104858,
        0.9162805080413818
    ],
    "val_loss": [
        1.1483995914459229,
        1.3712819814682007
    ],
    "val_accuracy": [
        0.5841726660728455,
        0.4546762704849243
    ],
    "val_top_3_accuracy": [
        0.9093525409698486,
        0.9122301936149597
    ],
    "lr": [
        0.0010000000474974513,
        0.0010000000474974513
    ]
}