{
    "lr": [
        0.0010000000474974513,
        0.0010000000474974513,
        9.999999747378752e-05,
        9.999999747378752e-05
    ],
    "accuracy": [
        0.5273401141166687,
        0.5647203922271729,
        0.6073524951934814,
        0.6502934694290161
    ],
    "val_accuracy": [
        0.6633093357086182,
        0.6805755496025085,
        0.2158273309469223,
        0.2158273309469223
    ],
    "loss": [
        1.2058968544006348,
        1.1042373180389404,
        1.03986656665802,
        0.9159876704216003
    ],
    "val_top_3_accuracy": [
        0.9467625617980957,
        0.9424460530281067,
        1.0,
        1.0
    ],
    "top_3_accuracy": [
        0.8822984099388123,
        0.9181340932846069,
        0.9295644164085388,
        0.9440840482711792
    ],
    "val_loss": [
        0.9121748805046082,
        0.9196018576622009,
        145.70408630371094,
        103.19491577148438
    ]
}