{
    "top_3_accuracy": [
        0.6483024954795837,
        0.7232161164283752,
        0.7510672807693481,
        0.759503960609436,
        0.7744460105895996,
        0.7750558853149414,
        0.776174008846283,
        0.784407377243042,
        0.7893880605697632,
        0.7904045581817627,
        0.7880666851997375,
        0.8003659248352051,
        0.8105306029319763,
        0.8135799765586853,
        0.8119536638259888,
        0.8104289770126343,
        0.8243545293807983,
        0.8273022770881653,
        0.8362472057342529,
        0.8352307677268982,
        0.8343158960342407,
        0.8370603919029236
    ],
    "val_loss": [
        2.6277029514312744,
        1.7703503370285034,
        1.294553279876709,
        1.2183454036712646,
        1.219222068786621,
        1.2113275527954102,
        1.2419625520706177,
        1.1262272596359253,
        1.1463778018951416,
        1.256419062614441,
        1.4775549173355103,
        1.001498818397522,
        1.0791412591934204,
        0.9905791878700256,
        1.0117884874343872,
        42.715614318847656,
        22.59469223022461,
        18.876827239990234,
        23.17913818359375,
        17.867393493652344,
        28.24602508544922,
        24.335285186767578
    ],
    "val_accuracy": [
        0.12606635689735413,
        0.36729857325553894,
        0.5701422095298767,
        0.5540284514427185,
        0.5853080749511719,
        0.571090042591095,
        0.572037935256958,
        0.6151658892631531,
        0.5962085127830505,
        0.572037935256958,
        0.49715641140937805,
        0.6421800851821899,
        0.6279621124267578,
        0.6554502248764038,
        0.6270142197608948,
        0.10521326959133148,
        0.16398103535175323,
        0.13412322103977203,
        0.12085308134555817,
        0.12985782325267792,
        0.1056872010231018,
        0.12322274595499039
    ],
    "accuracy": [
        0.37426304817199707,
        0.43992680311203003,
        0.4586298167705536,
        0.47702786326408386,
        0.4816019535064697,
        0.48515957593917847,
        0.4856678247451782,
        0.49481600522994995,
        0.5043708086013794,
        0.5031510591506958,
        0.5046757459640503,
        0.5172799229621887,
        0.5286643505096436,
        0.5373043417930603,
        0.5306972861289978,
        0.5366944670677185,
        0.5537710785865784,
        0.5523480176925659,
        0.5624110698699951,
        0.5583451986312866,
        0.5645456314086914,
        0.5726773738861084
    ],
    "val_top_3_accuracy": [
        0.32938387989997864,
        0.7080568671226501,
        0.8104265332221985,
        0.8478673100471497,
        0.842180073261261,
        0.8454976081848145,
        0.821800947189331,
        0.8649289011955261,
        0.8739336729049683,
        0.820853054523468,
        0.8075829148292542,
        0.9023696780204773,
        0.8815165758132935,
        0.9028435945510864,
        0.9109004735946655,
        0.33744075894355774,
        0.5156397819519043,
        0.26635071635246277,
        0.414218008518219,
        0.274881511926651,
        0.45355451107025146,
        0.379146933555603
    ],
    "loss": [
        1.8861902952194214,
        1.6724567413330078,
        1.590412974357605,
        1.5373271703720093,
        1.5147794485092163,
        1.5010099411010742,
        1.4978902339935303,
        1.4705263376235962,
        1.4536231756210327,
        1.4401984214782715,
        1.4386571645736694,
        1.395983338356018,
        1.375381588935852,
        1.3534857034683228,
        1.3649147748947144,
        1.3472329378128052,
        1.304848551750183,
        1.3105955123901367,
        1.2737658023834229,
        1.2717925310134888,
        1.2680385112762451,
        1.2549282312393188
    ],
    "lr": [
        0.0010000000474974513,
        0.0010000000474974513,
        0.0010000000474974513,
        0.0010000000474974513,
        0.0010000000474974513,
        0.0010000000474974513,
        0.0010000000474974513,
        0.0010000000474974513,
        0.0010000000474974513,
        0.0010000000474974513,
        0.0010000000474974513,
        0.0005000000237487257,
        0.0005000000237487257,
        0.0005000000237487257,
        0.0005000000237487257,
        9.999999747378752e-06,
        9.999999747378752e-06,
        9.999999747378752e-06,
        9.999999747378752e-06,
        9.999999747378752e-06,
        4.999999873689376e-06,
        4.999999873689376e-06
    ]
}